samplesize,resultsMaxA,resultsMedianA
1,1,1
50,0.6004,0.519
100,0.57985,0.5458
125,0.559776,0.53104
150,0.556488888888889,0.525488888888889
200,0.5402875,0.5168375
