samplesize,resultsMaxA,resultsMedianA
1,1,1
50,0.6502,0.5428
100,0.59095,0.531
150,0.567755555555556,0.541022222222222
200,0.5601,0.516825
225,0.570558024691358,0.517471604938272
250,0.569056,0.527928
