samplesize,RperbedMaxA,RperbedMedianA,RThresperbedMaxA,RThresperbedMedianA
1,1,1,1,1
50,0.5836,0.5304,0.6026,0.5404
100,0.5702,0.5206,0.54255,0.5123
150,0.555511111111111,0.511822222222222,0.547644444444444,0.508
200,0.58205,0.531225,0.5296875,0.516
