samplesize,RperbedMaxA,RperbedMedianA,RThresperbedMaxA,RThresperbedMedianA
1,1,1,1,1
50,0.72,0.5384,0.5974,0.5154
100,0.5895,0.5249,0.5546,0.5148
150,0.571422222222222,0.522,0.553444444444445,0.519
200,0.536825,0.516775,0.55065,0.5173
