samplesize,RperbedMaxA,RperbedMedianA,RThresperbedMaxA,RThresperbedMedianA
1,1,1,1,1
50,0.604,0.5356,0.5912,0.538
100,0.5884,0.5312,0.6125,0.546
150,0.569644444444444,0.530088888888889,0.573911111111111,0.526577777777778
200,0.5517,0.5285,0.555,0.5235375
