samplesize,RperbedMaxA,RperbedMedianA,RThresperbedMaxA,RThresperbedMedianA
1,1,1,1,1
50,0.5932,0.534,0.5716,0.5324
100,0.5618,0.52,0.56195,0.529
150,0.539555555555556,0.512088888888889,0.5654,0.513155555555556
200,0.533325,0.514175,0.5619125,0.516225
225,0.537837037037037,0.513501234567901,0.554162962962963,0.506143209876543
250,0.530048,0.513296,0.560008,0.51332
