samplesize,No sr/sR/Sr per bedMaxA,No sr/sR/Sr per bedMedianA,sR per bedMaxA,sR per bedMedianA
1,1,1,1,1
50,0.6212,0.5558,0.5902,0.5432
100,0.59275,0.5377,0.59195,0.5408
150,0.578977777777778,0.534622222222222,0.584888888888889,0.520222222222222
200,0.57015,0.522175,0.5481,0.511175
225,0.575466666666667,0.526953086419753,0.555841975308642,0.514637037037037
250,0.557144,0.515632,0.550728,0.50924
