samplesize,resultsMaxA,resultsMedianA
1,1,1
50,0.6052,0.5486
100,0.63365,0.57345
125,0.584864,0.539424
150,0.574622222222222,0.540022222222222
200,0.5489375,0.5205125
