samplesize,No sr/sR/Sr per bedMaxA,No sr/sR/Sr per bedMedianA,sR per bedMaxA,sR per bedMedianA
1,1,1,1,1
50,0.6304,0.532,0.6488,0.5276
100,0.58115,0.5224,0.5881,0.5294
150,0.555711111111111,0.5186,0.5578,0.513777777777778
200,0.547025,0.515325,0.56455,0.525675
225,0.527397530864198,0.511130864197531,0.540345679012346,0.511358024691358
250,0.528608,0.509864,0.540296,0.509592
