samplesize,No sr/sR/Sr per bedMaxA,No sr/sR/Sr per bedMedianA,sR per bedMaxA,sR per bedMedianA
1,1,1,1,1
50,0.581,0.5362,0.5922,0.529
100,0.5831,0.52285,0.581,0.53575
150,0.5526,0.520533333333333,0.562177777777778,0.521422222222222
200,0.55795,0.51795,0.5562875,0.5201125
225,0.549402469135802,0.517669135802469,0.556582716049383,0.523397530864198
250,0.54624,0.521776,0.539696,0.51728
