samplesize,resultsMaxA,resultsMedianA
1,1,1
50,0.614,0.5442
100,0.6301,0.53635
125,0.607712,0.535072
150,0.608155555555556,0.525777777777778
200,0.5790125,0.5447875
