samplesize,resultsMaxA,resultsMedianA
1,1,1
50,0.601,0.5372
100,0.5935,0.52305
125,0.568928,0.512128
150,0.5552,0.517577777777778
200,0.553475,0.514825
