samplesize,resultsMaxA,resultsMedianA
1,1,1
50,0.6052,0.5256
100,0.58415,0.52675
150,0.554955555555556,0.526933333333333
200,0.5573375,0.5182375
