samplesize,resultsMaxA,resultsMedianA
1,1,1
50,0.5892,0.5416
100,0.56735,0.5261
125,0.58576,0.5216
150,0.565644444444444,0.519955555555556
200,0.5730875,0.5157875
